name,ht,rank,rank_points,ace,df,svpt,firstIn,firstWon,secondWon,SvGms,bpSaved,bpFaced
Marc Rosset,201.0,63.7735849057,698.820754717,10.8380952381,6.83962264151,77.8679245283,44.2641509434,34.4528301887,15.8679245283,12.3301886792,4.35483870968,6.35643564356
Bob Bryan,193.0,166.655172414,235.206896552,7.96551724138,3.19230769231,76.4482758621,46.7931034483,33.4482758621,15.5862068966,12.2413793103,4.26923076923,6.34482758621
Johan Settergren,185.0,192.8,199.4,3.0,3.25,66.2,39.6,26.2,11.2,9.4,6.66666666667,7.2
Edgardo Massa,180.0,115.4,346.2,4.2,3.0,96.4,55.6,37.4,18.8,14.8,11.3333333333,11.6
Marcus Sarstrand,183.0,357.0,78.0,6.0,4.0,76.0,38.0,26.0,14.0,13.0,3.0,9.0
Marcos Ondruska,183.0,178.75,211.625,3.625,5.625,97.0,56.75,37.375,17.0,14.5,6.875,12.0
Davide Sanguinetti,188.0,70.5714285714,596.5,6.62727272727,3.29292929293,81.5535714286,44.9642857143,31.9553571429,17.25,12.4196428571,4.83495145631,7.91743119266
Dusan Vemic,190.0,502.0,40.0,4.0,7.0,78.0,50.0,35.0,9.0,11.0,3.0,6.0
Adrian Garcia,175.0,334.4,93.4,2.0,3.0,57.6,36.8,25.4,10.6,8.8,5.0,6.5
Igor Kunitsyn,180.0,193.0,177.0,6.0,9.0,149.0,69.0,41.0,41.0,20.0,11.0,19.0
Julien Benneteau,185.0,278.5,126.75,3.25,2.75,78.25,42.0,26.5,14.0,10.25,8.25,12.75
Justin Bower,190.0,428.666666667,67.3333333333,11.6666666667,5.33333333333,125.666666667,81.6666666667,61.6666666667,21.6666666667,20.0,5.66666666667,9.33333333333
Harel Levy,185.0,100.686746988,559.048192771,4.38461538462,2.71014492754,75.5060240964,43.578313253,30.0963855422,14.9879518072,11.4819277108,5.03947368421,7.96296296296
Nenad Zimonjic,190.0,252.0,140.5,8.0,5.5,94.25,56.5,39.75,19.75,13.75,6.0,8.75
Juan Giner,178.0,254.25,144.0,1.5,1.75,56.5,37.0,22.0,11.75,9.75,2.25,5.5
Michael Kohlmann,188.0,133.291666667,312.916666667,6.68181818182,4.4347826087,77.3333333333,46.6666666667,34.1739130435,13.375,11.875,4.47826086957,7.70833333333
Cecil Mamiit,173.0,114.507692308,354.261538462,4.07142857143,3.23728813559,81.2307692308,46.6769230769,31.2923076923,16.7846153846,12.2923076923,5.89830508475,9.41935483871
Taylor Dent,188.0,123.984615385,381.030769231,7.375,5.09523809524,77.4,44.3538461538,32.6,16.4461538462,12.2769230769,4.10526315789,6.40625
Nikolay Davydenko,178.0,108.105263158,414.070175439,3.39130434783,2.97959183673,75.8245614035,47.298245614,30.0877192982,13.4210526316,11.5087719298,5.15094339623,8.73214285714
Bjorn Rehnquist,175.0,211.0,162.0,3.0,8.0,136.0,76.0,47.0,27.0,15.0,15.0,19.0
Gilles Elseneer,188.0,280.6,130.1,6.3,4.11111111111,74.8,44.9,31.8,14.8,11.9,4.625,6.88888888889
Jeff Salzenstein,185.0,371.375,116.375,8.14285714286,6.125,77.75,43.625,33.125,14.5,11.375,5.125,7.5
Gustavo Kuerten,190.0,7.17741935484,3144.40860215,9.4247311828,2.57142857143,82.4731182796,45.4462365591,35.1397849462,19.9731182796,13.0430107527,4.43790849673,6.07142857143
Dennis Van Scheppingen,185.0,234.166666667,175.5,2.16666666667,4.16666666667,63.5,35.5,27.6666666667,10.0,9.16666666667,5.4,8.4
Fernando Meligeni,180.0,72.8518518519,598.972222222,4.46534653465,4.04901960784,77.8888888889,44.462962963,30.5,16.6851851852,11.9166666667,5.44444444444,8.42857142857
Juan Albert Viloca Puig,185.0,180.916666667,219.5,3.5,3.1,74.8333333333,46.4166666667,30.3333333333,14.6666666667,11.3333333333,5.36363636364,7.83333333333
Franco Squillari,183.0,41.2214285714,1018.62142857,4.05263157895,5.27611940299,77.6571428571,43.1714285714,30.0857142857,16.5714285714,11.8142857143,5.0859375,7.97080291971
Karim Alami,185.0,57.2361111111,780.916666667,4.82857142857,3.79104477612,79.375,45.0555555556,31.7777777778,16.8888888889,12.3194444444,4.86363636364,7.66197183099
Francisco Cabello,190.0,291.0,102.0,0.0,2.0,40.0,18.0,8.0,8.0,7.0,3.0,8.0
Irakli Labadze,188.0,100.405405405,410.189189189,5.97142857143,5.37837837838,80.6486486486,48.4594594595,32.8378378378,14.972972973,12.1891891892,5.57142857143,8.81081081081
Chemseddine Belal,180.0,553.0,31.0,0.0,1.0,58.0,25.0,15.0,17.0,8.0,5.0,8.0
Sergi Bruguera,188.0,130.970149254,418.835820896,4.53968253968,3.67796610169,73.0597014925,42.6268656716,29.5223880597,13.9701492537,11.4029850746,5.24561403509,7.9696969697
Nicolas Escude,185.0,32.4598540146,1024.66423358,7.12030075188,4.09848484848,78.6861313869,43.3649635036,31.8686131387,17.8832116788,12.4233576642,4.52066115702,7.140625
David Caldwell,180.0,1028.0,4.0,3.0,3.0,96.0,73.0,43.0,10.0,14.0,11.0,16.0
Attila Savolt,183.0,98.5660377358,439.622641509,5.36538461538,3.98039215686,77.0754716981,42.9811320755,31.0377358491,15.8301886792,12.0188679245,5.1875,8.17307692308
Marko Tkalec,178.0,305.0,105.0,7.0,3.0,94.0,39.0,27.0,25.0,15.0,3.0,8.0
Mehdi Tahiri,183.0,570.0,35.0,0.0,4.5,60.5,37.0,18.0,8.0,7.0,3.0,8.0
Olivier Rochus,168.0,77.9154929577,554.281690141,2.50877192982,3.16666666667,83.0985915493,48.323943662,31.8450704225,17.4507042254,12.8450704225,4.98461538462,8.54285714286
Alexandre Simoni,188.0,125.620689655,336.0,6.89655172414,5.0,77.0689655172,43.7931034483,31.4482758621,16.4482758621,11.8965517241,4.5,7.13793103448
Daniel Vacek,190.0,297.68,486.56,5.34782608696,4.64,73.72,39.56,26.52,16.56,11.08,4.69565217391,7.88
Marcelo Charpentier,180.0,193.8,197.0,2.25,5.8,114.8,81.4,48.2,15.6,15.2,10.5,13.4
Jason Stoltenberg,185.0,81.1219512195,516.097560976,6.325,4.0,82.3658536585,47.2926829268,34.8292682927,16.9756097561,13.1951219512,3.97297297297,7.13157894737
Ricardo Mello,175.0,163.75,244.75,2.75,2.5,61.25,36.5,24.0,13.0,10.5,4.66666666667,6.75
Brian Macphie,180.0,419.0,59.0,13.0,2.0,70.5,40.5,28.5,17.5,11.5,5.0,7.0
Kristian Pless,188.0,98.4736842105,453.105263158,5.8,3.58823529412,78.4210526316,48.4385964912,33.8070175439,15.4035087719,12.2631578947,4.77358490566,7.23214285714
Richey Reneberg,180.0,204.0,165.0,5.0,1.0,61.5,30.0,20.5,16.0,8.5,3.0,5.5
Martin Vassallo Arguello,183.0,132.5,302.5,5.5,6.0,114.0,70.0,46.5,21.5,17.0,6.5,11.0
Jaymon Crabb,183.0,231.5,153.0,5.0,1.0,83.5,43.5,25.5,18.5,13.5,7.5,13.5
Grant Stafford,188.0,472.0,46.0,8.0,7.5,114.5,68.0,53.5,22.0,19.5,4.5,9.0
Patrick Rafter,185.0,13.6666666667,1789.65740741,7.5462962963,3.5612244898,79.2685185185,51.2962962963,39.3240740741,15.1018518519,12.9722222222,3.88505747126,5.33333333333
Andrei Cherkasov,180.0,213.0,171.5,1.0,4.5,60.0,34.5,19.5,13.0,10.5,2.5,7.5
Goran Ivanisevic,193.0,67.8505747126,857.528735632,15.6395348837,5.76470588235,80.7011494253,44.0,35.4482758621,18.0114942529,13.1264367816,4.41025641026,6.75
Juan Carlos Ferrero,183.0,11.5673076923,2102.69711538,4.66161616162,3.52380952381,82.9326923077,49.3509615385,34.6634615385,18.0576923077,12.9086538462,5.0582010582,7.4776119403
Thomas Schiessling,180.0,814.666666667,14.6666666667,3.33333333333,4.0,69.0,37.3333333333,22.3333333333,15.6666666667,11.3333333333,3.33333333333,7.66666666667
Antony Dupuis,185.0,85.8875,482.475,6.88461538462,3.375,81.5375,48.3875,34.4125,16.5375,12.35,5.54666666667,8.32467532468
Ramon Delgado,185.0,126.622222222,354.622222222,6.20454545455,3.34146341463,84.0,50.8,34.2444444444,16.1333333333,13.2,4.1,7.31111111111
Andrei Medvedev,193.0,51.1803278689,827.885245902,5.2131147541,3.53448275862,83.868852459,48.6721311475,33.5081967213,16.6393442623,12.4262295082,5.80327868852,9.2131147541
Radomir Vasek,188.0,470.0,44.0,2.0,4.0,58.0,32.0,18.0,12.0,9.0,3.0,7.0
Eric Taino,175.0,291.777777778,124.0,3.55555555556,2.25,75.2222222222,40.0,25.2222222222,17.5555555556,11.4444444444,3.875,7.0
Orlin Stanoytchev,185.0,109.391304348,369.086956522,6.69565217391,7.0,85.6086956522,48.7826086957,33.5217391304,16.3913043478,12.6956521739,5.21739130435,9.08695652174
Daniel Nestor,190.0,210.818181818,194.409090909,7.81818181818,5.1,89.3181818182,56.4545454545,40.3181818182,17.0454545455,14.0454545455,4.05,6.90476190476
Nicolas Todero,183.0,332.0,89.0,2.0,4.0,74.0,46.0,31.0,12.0,10.0,3.0,5.0
Luke Milligan,180.0,533.0,35.0,3.0,4.0,83.5,52.5,30.0,11.0,12.5,4.5,11.5
Denis Golovanov,188.0,180.666666667,209.0,4.0,5.5,75.3333333333,39.3333333333,26.6666666667,15.3333333333,10.6666666667,5.0,8.66666666667
Jurgen Melzer,183.0,145.739130435,331.086956522,5.27272727273,2.95652173913,78.9565217391,47.1739130435,33.347826087,15.3043478261,12.2608695652,4.0,6.86363636364
Brian Baker,190.0,816.0,12.0,3.0,6.0,50.0,30.0,22.0,4.0,9.0,0.0,4.0
Alun Jones,180.0,400.0,61.0,6.0,3.0,105.0,59.0,38.0,19.0,15.0,6.0,11.0
Alan Mackin,183.0,355.0,83.0,2.0,4.0,98.0,68.0,44.0,13.0,15.0,3.0,7.0
Sebastien Lareau,183.0,127.730769231,313.269230769,5.76923076923,3.8,81.9615384615,50.1923076923,34.8076923077,15.4230769231,12.5384615385,4.44,7.46153846154
Brian Vahaly,183.0,118.461538462,345.538461538,3.83333333333,4.23076923077,80.5384615385,47.9230769231,31.8461538462,16.5384615385,11.9230769231,4.5,7.66666666667
Albert Montanes,175.0,79.8793103448,553.879310345,4.21153846154,3.3137254902,77.5344827586,47.7586206897,32.8965517241,14.9482758621,11.8793103448,4.42105263158,7.08620689655
Takao Suzuki,175.0,218.846153846,235.384615385,9.69230769231,2.45454545455,79.8461538462,50.7692307692,36.7692307692,14.2307692308,12.6153846154,5.90909090909,7.76923076923
Christophe Rochus,170.0,86.6808510638,477.64893617,2.75,4.20879120879,79.329787234,45.3936170213,28.8829787234,15.6170212766,11.8191489362,5.24175824176,9.1914893617
David Prinosil,185.0,71.5571428571,672.071428571,7.88059701493,5.17142857143,82.7857142857,43.7857142857,32.4857142857,18.0571428571,12.5857142857,4.98529411765,8.10144927536
Frank Dancevic,185.0,599.666666667,28.6666666667,6.66666666667,3.66666666667,75.3333333333,37.0,25.6666666667,17.6666666667,11.3333333333,5.0,8.66666666667
Todd Woodbridge,178.0,190.055555556,195.722222222,3.5,4.83333333333,92.3333333333,56.2777777778,37.8333333333,17.0555555556,14.0,5.77777777778,9.5
Gorka Fraile,180.0,231.0,151.0,2.0,2.0,87.5,57.0,36.0,14.5,12.5,3.0,7.0
Jonas Bjorkman,183.0,55.4087591241,712.489051095,4.20769230769,3.19841269841,78.2700729927,46.9708029197,32.700729927,15.7664233577,12.0510948905,4.91666666667,7.63565891473
Yevgeny Kafelnikov,190.0,5.45606694561,2681.51464435,6.3914893617,4.97356828194,82.3472803347,44.2217573222,32.6820083682,19.2133891213,12.6861924686,4.866359447,7.5154185022
Nicklas Timfjord,180.0,421.0,57.0,4.0,2.0,84.0,46.0,27.0,16.0,11.0,7.0,12.0
Mariano Puerta,180.0,69.6666666667,751.551282051,3.76470588235,2.50793650794,70.6753246753,45.5714285714,31.4155844156,12.7662337662,11.1298701299,4.25,6.48648648649
Jan Michael Gambill,190.0,37.6886227545,1010.50299401,11.3592814371,3.86577181208,78.2035928144,43.1556886228,33.3113772455,17.7964071856,12.2395209581,4.40666666667,6.2641509434
Razvan Sabau,185.0,302.75,135.25,3.25,1.66666666667,70.75,46.75,31.75,10.0,11.25,5.33333333333,7.25
Sebastien Grosjean,175.0,15.8645833333,1736.79166667,5.29508196721,2.3,78.484375,44.6354166667,31.6666666667,18.0572916667,12.2291666667,4.65868263473,6.98895027624
Richard Krajicek,196.0,145.480769231,853.038461538,15.1538461538,4.25490196078,84.2115384615,48.1923076923,39.3846153846,19.2692307692,13.8846153846,3.62222222222,5.14583333333
Stefan Koubek,175.0,53.2357142857,756.307142857,4.29365079365,3.74074074074,79.05,47.2357142857,31.1428571429,16.1142857143,12.1642857143,5.05555555556,8.22058823529
Filip Prpic,173.0,642.0,25.0,0.0,0.0,96.0,85.0,34.0,9.0,15.0,6.0,16.0
Jack Brasington,188.0,167.0,246.0,6.57142857143,10.5,114.75,63.5,45.25,21.625,17.25,8.5,13.375
Yong Il Yoon,175.0,192.333333333,196.666666667,4.16666666667,4.4,85.6666666667,46.3333333333,31.1666666667,18.6666666667,12.6666666667,5.0,8.66666666667
Agustin Calleri,183.0,72.0555555556,594.033333333,6.61904761905,3.41860465116,78.8555555556,43.7333333333,32.7,17.8888888889,12.4222222222,4.06172839506,6.66666666667
Fernando Verdasco,188.0,409.666666667,65.3333333333,2.5,6.33333333333,71.0,51.0,29.0,6.66666666667,10.6666666667,6.66666666667,12.0
Todd Reid,180.0,844.0,10.0,3.0,5.0,113.0,74.0,50.0,18.0,17.0,6.0,10.0
Federico Luzzi,188.0,148.833333333,300.208333333,2.86363636364,3.79166666667,76.5,44.375,29.2083333333,13.8333333333,11.2083333333,5.69565217391,9.375
Diego Moyano,175.0,147.0,270.0,7.0,7.0,92.0,47.0,36.0,26.0,16.0,3.0,7.0
George Bastl,183.0,102.343283582,421.492537313,5.6935483871,3.30508474576,77.6865671642,51.6865671642,34.2537313433,12.4029850746,11.8805970149,4.859375,7.98507462687
Mark Nielsen,185.0,355.5,93.0,2.5,4.0,62.25,39.25,27.75,11.25,9.75,5.66666666667,9.0
Victor Hanescu,198.0,195.5,186.333333333,3.5,2.5,65.5,39.6666666667,25.3333333333,14.5,9.5,4.5,6.83333333333
Guillaume Raoux,180.0,234.5,151.5,5.5,2.5,110.5,57.0,40.0,30.5,17.0,5.0,8.5
Magnus Gustafsson,185.0,68.8153846154,608.523076923,3.875,3.95238095238,78.4,48.6923076923,33.7076923077,14.4307692308,12.2153846154,5.63793103448,8.68852459016
Cyril Saulnier,190.0,145.725,271.425,6.5,4.11428571429,79.9,43.125,30.925,18.35,12.625,5.08108108108,8.34210526316
Michail Elgin,183.0,348.5,82.5,4.0,4.5,63.0,41.5,23.5,9.0,9.0,6.0,10.0
Nicolas Thomann,183.0,184.588235294,215.411764706,8.41176470588,4.0,82.4705882353,46.8235294118,35.1176470588,18.0,13.1764705882,4.1875,7.25
Karol Kucera,188.0,67.0309278351,653.319587629,5.76086956522,5.57608695652,74.4948453608,40.618556701,29.0824742268,16.1770833333,11.6391752577,4.56470588235,7.41489361702
Jens Knippschild,190.0,123.425,351.35,6.53846153846,3.52631578947,84.325,43.725,31.425,19.2,12.875,5.94285714286,8.97435897436
Yves Allegro,183.0,338.8,89.0,6.0,5.6,70.4,34.6,26.4,20.0,11.6,2.75,5.5
Alberto Martin,175.0,56.1214285714,731.85,2.59322033898,3.96124031008,73.2857142857,44.9214285714,29.3285714286,14.1142857143,11.5571428571,4.79069767442,8.00724637681
Daniel Melo,185.0,248.0,149.666666667,3.0,4.0,80.3333333333,56.6666666667,34.6666666667,12.0,13.0,6.33333333333,10.3333333333
Marc Gicquel,188.0,369.0,80.0,9.0,1.5,73.0,38.5,28.0,18.0,9.5,6.0,7.0
Andre Agassi,180.0,3.94285714286,3278.59428571,5.64670658683,2.98734177215,75.7885714286,48.2342857143,35.5257142857,15.1142857143,12.4857142857,3.90277777778,5.64331210191
Michael Chang,175.0,49.2713178295,827.294573643,4.08620689655,2.36458333333,80.6201550388,45.3023255814,31.4263565891,17.5658914729,12.4186046512,4.75409836066,7.88095238095
Michael Tebbutt,190.0,506.0,41.0,7.0,7.0,51.0,30.0,25.0,10.0,10.0,1.0,3.0
Petr Luxa,190.0,294.0,123.333333333,3.0,3.66666666667,61.3333333333,36.6666666667,23.0,11.0,10.6666666667,1.5,5.66666666667
David Sanchez,183.0,77.6575342466,532.068493151,2.72222222222,2.71666666667,76.1917808219,47.7397260274,30.8219178082,14.0684931507,11.3150684932,5.26470588235,8.67142857143
Paul Goldstein,178.0,93.3333333333,468.894736842,3.02173913043,2.60416666667,75.2105263158,47.298245614,30.0701754386,14.3035714286,11.2807017544,5.16363636364,8.69090909091
Nicklas Kulti,190.0,205.4,230.0,8.2,5.2,82.2,41.6,29.4,16.8,12.2,5.8,10.0
Martin Spottl,180.0,193.0,184.0,3.0,3.0,67.0,28.0,21.0,18.0,11.0,0.0,3.0
Roger Federer,185.0,23.8917525773,1459.81443299,7.296875,3.37931034483,82.087628866,48.7680412371,36.1340206186,17.5927835052,12.7835051546,4.58959537572,6.62983425414
John Van Lottum,185.0,132.791666667,334.125,3.31818181818,3.33333333333,69.0416666667,35.125,22.375,15.25,10.625,5.21739130435,9.375
Peter Tramacchi,185.0,1164.0,2.0,4.0,1.0,61.0,37.0,24.0,7.0,9.0,2.0,6.0
Ivo Karlovic,208.0,204.5,181.0,17.5,8.0,86.5,55.0,42.0,14.0,12.5,5.5,7.0
Jimy Szymanski,175.0,167.0,220.0,0.0,1.0,54.0,37.0,18.0,6.0,8.0,4.0,9.0
Ladislav Svarc,188.0,250.0,138.0,7.0,6.0,144.0,83.0,60.0,28.0,22.0,15.0,20.0
Gouichi Motomura,173.0,208.3,185.4,2.875,3.875,64.8,32.9,21.5,15.6,10.4,4.33333333333,7.4
Frantisek Cermak,193.0,251.0,136.0,2.0,3.0,35.0,24.0,14.0,4.0,4.0,2.0,4.0
Albert Costa,180.0,27.2948717949,1244.80128205,4.26206896552,2.11304347826,77.8461538462,49.6025641026,33.8205128205,15.108974359,12.2692307692,4.45390070922,7.07382550336
Ivan Ljubicic,193.0,59.7293233083,718.646616541,12.1127819549,3.55,85.954887218,47.8345864662,36.8721804511,19.5263157895,13.2481203008,4.40833333333,6.4094488189
Petr Kralert,188.0,187.75,202.0,4.5,5.75,87.0,54.25,34.5,14.0,13.25,6.5,11.75
Paul Henri Mathieu,185.0,123.487804878,414.658536585,5.71794871795,3.5,83.4634146341,42.5609756098,30.9512195122,21.7804878049,13.0,4.51351351351,7.12820512821
Andy Roddick,188.0,69.2910447761,1351.21641791,9.77443609023,3.14285714286,73.6343283582,44.1492537313,34.7835820896,16.1641791045,12.0,3.85714285714,5.04273504274
Martin Verkerk,196.0,117.263157895,361.052631579,9.89473684211,4.84210526316,79.2105263158,44.1052631579,32.4210526316,17.3684210526,12.0,5.5625,7.21052631579
Vadim Kutsenko,180.0,195.0,193.666666667,4.0,5.83333333333,92.3333333333,51.0,34.5,20.3333333333,13.0,5.66666666667,9.0
Lleyton Hewitt,180.0,5.80444444444,3097.13333333,6.32876712329,4.03349282297,79.0711111111,41.6133333333,31.0311111111,20.0266666667,12.4488888889,4.66321243523,6.77403846154
Sjeng Schalken,193.0,33.5842696629,1062.26404494,4.64197530864,3.92941176471,80.4101123596,49.4943820225,34.8764044944,15.702247191,12.6235955056,4.41139240506,6.98235294118
Karol Beck,180.0,170.8,226.6,14.0,6.4,105.6,53.0,42.0,24.6,15.8,5.0,8.2
Olivier Malcor,180.0,390.5,68.5,3.5,3.0,96.0,73.5,39.0,8.5,13.0,7.5,14.5
Bohdan Ulihrach,188.0,62.2923076923,707.123076923,3.39655172414,3.632,74.7,44.2076923077,29.8692307692,14.7153846154,11.4307692308,4.5564516129,7.60465116279
Wesley Moodie,196.0,372.0,77.0,6.0,2.0,60.0,38.0,28.0,13.0,11.0,1.0,3.0
Leander Paes,178.0,183.285714286,222.714285714,7.0,6.66666666667,79.4285714286,46.8571428571,32.8571428571,14.4285714286,12.4285714286,4.16666666667,8.0
Mariano Hood,178.0,286.25,126.25,1.5,1.0,62.5,41.75,29.0,10.5,9.5,4.0,6.5
German Puentes,173.0,108.0,383.523809524,3.07692307692,3.57142857143,77.0,47.4285714286,28.0952380952,14.2380952381,11.2380952381,5.0,9.2380952381
Cedric Pioline,188.0,43.8076923077,1182.78846154,7.85436893204,4.95918367347,82.3365384615,43.3557692308,32.6346153846,19.4230769231,12.7692307692,4.65217391304,7.14285714286
Ivan Miranda,175.0,201.0,184.5,1.0,2.0,70.5,42.5,19.5,10.0,10.0,6.0,12.5
David Miketa,183.0,208.0,161.0,2.0,5.0,97.0,67.0,43.0,15.0,15.0,5.0,10.0
Leos Friedl,183.0,472.4,47.0,5.0,3.6,83.8,51.8,34.4,16.0,13.8,3.5,7.0
Felix Mantilla,180.0,58.0573770492,732.713114754,3.06603773585,3.0,72.1229508197,43.1721311475,28.6885245902,14.6721311475,11.2049180328,4.49541284404,7.28813559322
Markus Hipfl,178.0,90.2727272727,456.155844156,3.37704918033,3.09230769231,77.7142857143,49.7402597403,32.0909090909,13.6103896104,11.8831168831,4.97142857143,8.36
Jamie Delgado,178.0,168.409090909,233.545454545,4.95454545455,4.31818181818,82.0909090909,42.1818181818,29.9090909091,18.5454545455,12.3636363636,5.45,8.85714285714
Reginald Willems,180.0,224.0,156.0,5.0,1.0,46.0,30.5,21.5,7.0,8.5,0.0,2.5
Martin Damm,188.0,132.852941176,397.294117647,6.88235294118,4.40625,80.1470588235,44.7941176471,32.7352941176,17.1470588235,12.5,4.96875,8.125
Luis Adrian Morejon,178.0,409.0,68.0,0.0,2.0,47.0,31.0,15.0,5.0,7.0,4.0,9.0
Mikael Tillstrom,185.0,69.5,589.866666667,5.62962962963,4.25,80.7,48.9666666667,34.0333333333,15.4,12.6666666667,5.46428571429,8.72413793103
Nicolas Lapentti,188.0,21.4204545455,1354.60227273,6.41040462428,3.35443037975,79.8920454545,46.3977272727,33.8920454545,16.3542857143,12.4715909091,4.28834355828,6.88372093023
Joseph Sirianni,175.0,356.0,78.0,3.0,6.0,89.0,42.0,20.0,18.0,12.0,6.0,14.0
Thiago Alves,178.0,349.0,86.0,4.0,5.0,59.0,36.0,22.0,10.0,9.0,2.0,5.0
Pete Sampras,185.0,7.38732394366,2513.26760563,13.0915492958,5.58992805755,90.1478873239,54.7605633803,43.485915493,18.6830985915,14.5070422535,4.31147540984,5.8992248062
Simon Larose,190.0,440.5,57.25,6.66666666667,2.75,67.75,39.25,23.25,13.25,10.5,4.0,8.5
Todd Martin,198.0,40.976744186,909.918604651,11.1785714286,4.72151898734,90.2558139535,55.4186046512,41.8372093023,17.4534883721,14.2325581395,5.03947368421,7.51898734177
Stefano Galvani,178.0,129.105263158,320.631578947,3.05882352941,5.05882352941,82.3684210526,46.0,29.6315789474,17.9473684211,12.4736842105,4.5,8.26315789474
Andrew Ilie,180.0,61.3535353535,683.898989899,5.23232323232,3.71111111111,83.9292929293,45.7070707071,31.8282828283,18.7474747475,12.6767676768,5.07692307692,8.0306122449
Younes El Aynaoui,193.0,30.7261904762,1159.875,7.73652694611,3.29032258065,82.4642857143,51.8273809524,37.8928571429,15.8571428571,13.005952381,4.71527777778,6.7106918239
Tommy Robredo,180.0,50.3272727273,858.3,3.24489795918,3.28155339806,78.6727272727,52.5,35.4090909091,12.9818181818,12.2272727273,4.50495049505,7.35514018692
Michal Tabara,175.0,78.72,564.74,3.26829268293,3.95918367347,77.36,41.62,27.02,17.24,11.68,4.875,8.6
Frederic Niemeyer,190.0,253.333333333,132.0,10.6666666667,8.33333333333,74.3333333333,37.6666666667,29.3333333333,17.3333333333,12.0,4.5,6.33333333333
Marcelo Filippini,178.0,415.5,57.5,2.0,1.5,69.5,44.0,25.0,11.5,9.5,6.5,11.0
Ivaylo Traykov,188.0,255.0,134.0,3.0,2.5,94.0,55.0,37.0,22.5,13.5,3.5,7.0
Galo Blanco,173.0,83.4,522.673684211,5.42222222222,3.10227272727,74.1578947368,38.0631578947,26.8315789474,18.0631578947,11.4526315789,5.03658536585,7.66304347826
Marat Safin,193.0,7.97345132743,2636.86283186,9.14027149321,2.48717948718,83.685840708,45.8451327434,34.889380531,19.982300885,13.2743362832,4.26368159204,6.22580645161
Mark Woodforde,188.0,133.0,293.333333333,2.88888888889,3.33333333333,80.1111111111,47.0,31.5555555556,16.5555555556,12.3333333333,7.375,10.1111111111
Markus Hantschk,188.0,100.0,417.212765957,4.31818181818,2.95238095238,75.3404255319,43.170212766,29.3829787234,15.6382978723,11.4893617021,5.20930232558,8.17391304348
Federico Browne,180.0,233.916666667,247.416666667,4.08333333333,2.77777777778,84.6666666667,51.3333333333,33.4166666667,15.9166666667,12.4166666667,5.75,9.41666666667
Barry Cowan,188.0,202.0625,185.5,8.3125,5.375,88.75,54.5,39.875,16.0625,13.625,6.2,8.8125
Fernando Vicente,180.0,50.0,759.410958904,3.7,3.36764705882,82.6575342466,48.4657534247,32.8561643836,16.6301369863,12.5136986301,5.3007518797,8.51408450704
Prakash Amritraj,188.0,1024.0,6.0,2.0,4.0,90.0,48.0,24.0,17.0,11.0,10.0,17.0
Guillermo Canas,185.0,50.5985915493,1137.20422535,5.57037037037,3.15503875969,78.2253521127,46.5633802817,32.985915493,16.3591549296,12.4154929577,4.6935483871,7.13138686131
Jan Kroslak,188.0,150.176470588,282.647058824,5.47058823529,4.82352941176,75.2941176471,46.8823529412,33.4117647059,12.4705882353,11.1176470588,5.76923076923,7.5625
Jean Francois Bachelot,183.0,220.875,167.875,3.5,4.42857142857,84.5,46.375,28.875,18.125,13.0,6.625,11.625
Nicolas Coutelot,185.0,134.148148148,321.333333333,3.39130434783,3.70833333333,83.7037037037,52.3703703704,34.3333333333,14.8076923077,12.1111111111,7.125,9.92592592593
Amir Hadad,183.0,233.0,150.0,4.5,1.5,136.5,77.0,51.5,28.5,19.5,10.0,16.5
Emanuel Couto,183.0,428.0,54.0,2.0,0.0,55.0,33.0,18.0,10.0,9.0,2.0,6.0
Hector Moretti,170.0,228.0,146.0,0.0,2.0,52.0,38.0,19.0,7.0,8.0,2.0,6.0
Danai Udomchoke,173.0,290.75,115.5,3.5,2.5,70.5,40.75,28.5,14.25,11.25,3.25,6.25
Albert Portas,188.0,50.7175572519,825.992366412,5.32520325203,4.21705426357,79.8702290076,43.0076335878,30.3358778626,17.4045801527,12.0687022901,5.27966101695,8.36220472441
Johannes Ager,196.0,948.0,7.0,2.0,5.0,57.0,33.0,18.0,8.0,8.0,6.0,11.0
Sebastian Prieto,180.0,244.75,154.75,3.0,5.0,77.25,46.25,33.0,15.75,12.0,4.5,7.25
Gaston Etlis,185.0,154.722222222,256.777777778,4.82352941176,3.38888888889,76.7777777778,46.3888888889,31.5,14.6666666667,12.2222222222,4.70588235294,8.58823529412
Satoshi Iwabuchi,175.0,437.0,63.5,2.0,2.5,64.0,37.0,21.5,12.5,9.0,6.0,10.0
Giorgio Galimberti,180.0,196.8,197.2,3.0,3.8,84.4,48.4,29.8,16.8,12.8,4.6,9.6
Andreas Vinciguerra,180.0,56.0892857143,737.401785714,5.01904761905,3.12621359223,76.0803571429,43.5,30.5089285714,16.0892857143,11.375,5.19811320755,7.77272727273
Kristian Capalik,188.0,369.5,74.25,4.75,3.5,72.625,41.875,30.0,14.125,11.5,4.14285714286,7.71428571429
Arnaud Clement,173.0,33.4082840237,1170.37869822,5.29012345679,3.43225806452,82.7692307692,48.3313609467,33.6272189349,17.5207100592,12.7869822485,4.98692810458,7.76829268293
Scott Humphries,185.0,643.75,21.25,4.25,2.5,73.25,43.0,28.75,12.25,11.25,4.25,8.5
Gabriel Trifu,193.0,298.625,120.25,5.5,4.75,72.875,43.375,29.5,13.25,10.875,4.5,7.875
Andre Sa,185.0,90.9340659341,464.362637363,3.68,3.21428571429,79.5604395604,46.6813186813,30.9120879121,16.2307692308,12.2857142857,4.8488372093,8.31111111111
Todd Larkham,178.0,191.0,199.0,3.0,5.0,97.0,64.0,35.0,15.0,14.0,6.0,12.0
Adrian Voinea,185.0,87.9277108434,487.530120482,5.85542168675,3.825,80.4096385542,44.265060241,31.2891566265,17.4457831325,12.4457831325,4.57142857143,7.75308641975
Vasilis Mazarakis,178.0,178.5,209.0,3.0,3.0,56.0,26.0,16.5,14.0,9.5,2.5,6.0
Alex Bogdanovic,183.0,502.5,44.5,2.5,5.0,98.5,62.5,42.0,14.0,14.0,11.0,15.5
Gregory Carraz,190.0,167.142857143,229.428571429,13.2857142857,11.1666666667,93.7142857143,54.1428571429,43.8571428571,17.1428571429,14.7142857143,4.4,5.71428571429
Mario Ancic,196.0,133.1,304.7,6.3,5.5,91.5,45.6,33.7,21.1,14.0,4.33333333333,7.4
Hyung Taik Lee,180.0,94.1803278689,457.590163934,4.21052631579,2.72222222222,80.7540983607,48.9180327869,32.5573770492,17.1639344262,12.5737704918,5.08771929825,8.08333333333
Andrea Gaudenzi,183.0,82.1720430108,530.23655914,3.96470588235,4.61627906977,78.8279569892,43.5161290323,29.9677419355,17.2150537634,11.9677419355,5.35294117647,8.47252747253
Flavio Saretta,183.0,108.361111111,437.027777778,4.91176470588,3.0303030303,87.3055555556,52.9166666667,35.25,17.75,13.1666666667,5.72727272727,8.5
Slava Dosedel,183.0,71.6785714286,600.285714286,2.40476190476,3.22448979592,83.3214285714,56.0,35.3571428571,13.2321428571,12.5892857143,5.96296296296,9.76785714286
Mardy Fish,188.0,198.925,241.35,9.0,3.58974358974,84.375,45.35,32.75,19.375,13.1,5.02777777778,7.6
Arnaud Di Pasquale,185.0,82.5797101449,603.811594203,2.66666666667,3.98461538462,79.2898550725,51.652173913,32.9275362319,13.3188405797,11.9565217391,4.625,8.22388059701
Ruben Ramirez Hidalgo,183.0,174.2,214.8,1.4,2.6,70.6,39.6,23.8,15.8,10.8,4.75,7.6
Juan Balcells,190.0,94.3424657534,489.232876712,5.51428571429,2.25,79.3424657534,56.6712328767,38.6712328767,11.8082191781,12.4520547945,4.92307692308,7.65151515152
Emilio Benfele Alvarez,183.0,135.5,291.333333333,4.29411764706,2.47058823529,76.7777777778,44.3888888889,30.3333333333,15.9444444444,11.0555555556,5.75,7.77777777778
Jim Thomas,193.0,568.0,37.5,3.0,2.0,52.0,31.0,18.0,12.5,9.0,2.5,6.0
Clemens Trimmel,185.0,192.0,189.0,3.0,4.0,71.0,29.0,22.0,14.0,12.0,4.0,10.0
Ivo Heuberger,188.0,144.702702703,290.945945946,6.16216216216,3.21875,73.8108108108,36.8648648649,26.1621621622,17.8108108108,11.2972972973,4.84375,7.52777777778
Jeff Tarango,180.0,87.8292682927,540.073170732,4.94871794872,5.28205128205,86.8536585366,51.0243902439,34.4146341463,17.1951219512,12.9024390244,5.07692307692,8.65
Edwin Kempes,188.0,144.761904762,295.428571429,5.63157894737,4.41176470588,89.7619047619,52.0,36.619047619,18.8095238095,13.7142857143,4.80952380952,8.0
Stefano Cobolli,175.0,400.0,61.0,0.0,3.0,46.0,33.0,19.0,5.0,9.0,2.0,6.0
Lior Mor,175.0,176.0,207.0,1.0,0.0,54.0,28.0,17.0,11.0,8.0,2.0,5.0
Dmitry Tursunov,185.0,219.0,165.0,6.5,3.25,65.75,38.0,29.5,14.25,10.75,4.66666666667,5.25
Julian Alonso,185.0,121.538461538,332.153846154,4.15384615385,5.33333333333,75.0,42.3076923077,28.1538461538,14.8461538462,11.3846153846,5.16666666667,8.61538461538
Tomas Zib,178.0,132.068965517,309.931034483,3.0,2.29166666667,73.2413793103,45.4482758621,29.4137931034,13.0689655172,11.0,5.53846153846,8.51724137931
Wayne Arthurs,190.0,84.1327433628,519.946902655,16.1769911504,5.82568807339,86.185840708,47.2831858407,38.407079646,21.4159292035,13.7610619469,4.35416666667,5.6380952381
Juan Ignacio Chela,190.0,70.0172413793,868.896551724,5.27678571429,3.49541284404,78.6034482759,43.25,31.0344827586,18.1982758621,12.3534482759,4.72380952381,7.35398230088
Lars Burgsmuller,183.0,101.506849315,438.410958904,3.81538461538,3.89393939394,76.7123287671,44.1506849315,29.8630136986,15.9315068493,11.6438356164,4.82857142857,8.16901408451
Olivier Patience,180.0,272.0,124.0,6.0,1.0,140.0,89.0,62.0,29.0,23.0,3.0,7.0
Andrei Pavel,183.0,34.3081395349,1048.27325581,5.29813664596,2.65034965035,77.9186046512,50.5174418605,34.7034883721,14.023255814,12.1162790698,4.49668874172,7.03048780488
Karsten Braasch,180.0,426.0,57.0,7.0,6.33333333333,89.3333333333,46.6666666667,34.3333333333,20.0,12.0,10.0,12.5
Mose Navarra,180.0,212.0,169.0,2.0,7.0,71.0,38.0,31.0,14.0,10.0,3.0,4.0
Alex Lopez Moron,175.0,125.777777778,315.444444444,2.2,5.44444444444,80.6666666667,47.4444444444,31.1111111111,14.5555555556,11.6666666667,5.85714285714,9.5
Werner Eschauer,188.0,188.625,198.375,3.25,3.375,91.375,58.5,36.25,17.125,13.25,6.75,10.75
Yuri Schukin,188.0,190.0,199.0,1.5,5.5,101.5,66.0,43.0,16.5,15.0,5.5,10.0
Dick Norman,203.0,129.714285714,318.571428571,8.42857142857,8.14285714286,90.7142857143,50.5714285714,37.1428571429,19.2857142857,13.4285714286,6.5,8.57142857143
Konstantinos Economidis,188.0,238.0,146.0,11.0,7.0,166.0,99.0,81.0,42.0,30.0,4.0,7.0
Carlos Cuadrado,180.0,489.0,61.6666666667,1.0,1.33333333333,64.3333333333,41.6666666667,25.0,11.0,10.6666666667,4.66666666667,9.0
Peter Wessels,196.0,116.4,355.1,9.36666666667,3.07692307692,77.5333333333,48.3333333333,36.0666666667,15.9666666667,12.7666666667,3.5,5.7037037037
Fredrik Jonsson,193.0,139.117647059,295.647058824,6.1875,2.93333333333,79.5294117647,47.0,32.8823529412,15.5882352941,11.8823529412,5.6,7.76470588235
Bjorn Phau,175.0,184.333333333,216.533333333,3.35714285714,3.4,73.8,39.2,24.4666666667,15.3333333333,11.4,5.33333333333,9.93333333333
Alex Corretja,180.0,15.0809248555,1725.58381503,5.11834319527,3.28571428571,78.4566473988,40.5838150289,29.5375722543,20.2716763006,12.323699422,4.62580645161,7.00606060606
Bernardo Mota,178.0,396.0,64.0,0.0,2.0,70.0,42.0,26.0,11.0,9.0,7.0,11.0
Jan Frode Andersen,190.0,195.25,191.0,6.66666666667,2.0,96.75,63.25,38.0,17.25,14.25,6.5,11.5
Glenn Weiner,188.0,294.5,118.75,9.625,4.375,75.125,42.75,31.0,16.0,11.625,3.57142857143,5.625
Michael Llodra,190.0,124.618181818,338.636363636,7.25454545455,5.62264150943,80.5454545455,47.0,33.9636363636,15.9818181818,12.5090909091,4.48979591837,7.22641509434
Magnus Larsson,193.0,171.79245283,365.056603774,6.83018867925,4.62,83.5471698113,52.6226415094,38.4528301887,15.4716981132,13.2264150943,4.36734693878,6.8431372549
David Ferrer,175.0,96.5333333333,448.066666667,2.0,2.92307692308,63.9333333333,38.8,25.4666666667,13.2,10.1333333333,3.58333333333,6.38461538462
Alejandro Hernandez,180.0,244.75,141.75,3.25,4.0,66.75,40.0,31.0,12.0,11.0,1.5,4.0
Wayne Black,170.0,144.533333333,281.566666667,3.64285714286,2.8,77.5666666667,40.5333333333,27.2,19.5,11.8,5.07142857143,8.5
Jean Rene Lisnard,173.0,163.9,249.85,2.85714285714,3.75,87.8,52.1,32.8,17.1,13.4,5.35,9.9
Johan Landsberg,183.0,611.0,22.0,1.0,2.0,55.0,36.0,23.0,10.0,9.0,3.0,6.0
Alex Bogomolov Jr,178.0,510.25,95.75,4.33333333333,5.66666666667,97.75,63.75,41.75,15.5,15.25,5.75,10.75
Alex Calatrava,190.0,78.8902439024,588.792682927,6.3125,2.39682539683,78.6707317073,45.4634146341,32.8780487805,16.3780487805,12.243902439,4.83116883117,7.25609756098
Axel Pretzsch,185.0,131.9,305.05,4.45,5.0,71.65,38.5,25.85,15.4736842105,11.05,4.10526315789,7.75
Mike Bryan,190.0,380.888888889,75.6666666667,3.11111111111,3.33333333333,71.2222222222,43.5555555556,28.2222222222,13.1111111111,10.8888888889,4.44444444444,8.11111111111
Nuno Marques,190.0,432.0,57.0,1.0,3.0,68.0,43.0,23.0,12.0,9.0,9.0,13.0
Mario Radic,188.0,330.0,180.25,3.25,4.5,66.0,32.0,20.75,16.25,10.0,4.5,7.75
Richard Gasquet,185.0,348.833333333,119.333333333,2.6,5.4,83.8333333333,49.5,31.5,15.1666666667,12.5,4.83333333333,9.5
Michael Russell,173.0,124.960784314,351.921568627,3.025,3.76744186047,80.2549019608,54.4509803922,33.4705882353,12.2745098039,12.2549019608,5.40425531915,9.51020408163
Oscar Burrieza,170.0,209.4,183.2,4.0,2.5,80.2,50.6,35.4,15.8,12.4,7.0,10.25
Joachim Johansson,198.0,519.0,62.2,12.4,3.8,77.0,44.0,33.8,14.4,11.4,4.25,6.75
Feliciano Lopez,188.0,129.857142857,371.928571429,9.14634146341,4.17073170732,91.7380952381,54.619047619,40.0714285714,18.1428571429,14.1904761905,5.0,7.51219512195
Julian Knowle,188.0,99.2222222222,393.888888889,4.55555555556,7.94444444444,81.3888888889,45.2222222222,31.4444444444,15.7222222222,12.2222222222,6.05555555556,9.72222222222
Ota Fukarek,190.0,137.916666667,312.916666667,5.18181818182,3.66666666667,86.1666666667,53.75,35.3333333333,15.25,12.9166666667,5.18181818182,8.66666666667
Igor Gaudi,188.0,218.0,157.0,0.0,11.0,69.0,38.0,21.0,13.0,12.0,6.0,12.0
Jeff Morrison,185.0,156.590909091,339.863636364,7.68181818182,5.2380952381,76.7272727273,45.0454545455,32.9090909091,14.1363636364,11.5,4.73684210526,7.55
Sebastien De Chaunac,183.0,194.5,195.75,4.25,3.0,101.75,58.5,32.75,21.25,16.0,7.0,14.0
James Blake,185.0,70.8,756.4625,4.75949367089,2.84507042254,79.825,47.1125,33.0,16.3125,12.2375,4.70833333333,7.30263157895
Zack Fleishman,188.0,413.0,60.0,5.0,4.0,51.0,27.0,21.0,11.0,9.0,1.0,3.0
Scott Draper,178.0,274.526315789,125.315789474,8.78947368421,4.22222222222,90.0526315789,50.5789473684,37.8421052632,19.8947368421,14.5263157895,4.61111111111,7.55555555556
Olivier Mutis,175.0,191.333333333,235.333333333,4.5,3.0,67.3333333333,36.3333333333,24.0,16.3333333333,10.6666666667,3.66666666667,6.33333333333
Mikhail Youzhny,183.0,77.381443299,559.690721649,3.51764705882,2.77272727273,83.2371134021,52.2474226804,35.2783505155,15.7113402062,12.7525773196,4.85227272727,7.9347826087
Jan Vacek,198.0,86.847826087,482.02173913,5.15909090909,3.48888888889,81.7826086957,46.9782608696,32.7826086957,17.1956521739,12.652173913,4.71428571429,8.23255813953
Oleg Ogorodov,193.0,158.777777778,261.0,4.88888888889,3.125,87.4444444444,54.6666666667,35.8888888889,13.4444444444,12.7777777778,7.88888888889,12.6666666667
Greg Rusedski,193.0,39.4154929577,961.992957746,10.5985915493,4.54263565891,80.0915492958,47.1901408451,37.1549295775,17.5422535211,12.9014084507,4.37606837607,5.90697674419
Gilles Muller,193.0,410.0,65.0,13.0,3.0,111.0,67.0,52.0,17.0,15.0,7.0,10.0
Hicham Arazi,175.0,36.2888888889,958.748148148,4.73913043478,2.28301886792,77.3925925926,45.1037037037,31.1791044776,16.4962962963,11.9851851852,4.86290322581,7.58778625954
Roberto Carretero,178.0,506.25,89.0,4.25,4.0,76.0,44.75,29.75,16.0,10.75,6.5,9.25
Marc Lopez,175.0,180.363636364,234.090909091,1.28571428571,2.57142857143,78.3636363636,53.6363636364,34.4545454545,12.4,11.3636363636,4.63636363636,7.90909090909
Thierry Guardiola,188.0,136.222222222,294.777777778,3.11111111111,2.85714285714,80.7777777778,45.6666666667,29.7777777778,16.0,12.2222222222,5.77777777778,10.1111111111
Mark Philippoussis,196.0,41.9,1086.77,15.7878787879,5.49494949495,88.32,49.34,39.78,20.6363636364,14.24,3.69318181818,5.33333333333
Michael Joyce,180.0,247.0,139.75,4.0,3.0,69.25,36.5,24.25,15.0,10.25,5.33333333333,7.75
James Sekulov,180.0,162.6,242.1,2.7,3.88888888889,72.0,40.4,26.4,13.5,11.0,5.9,9.9
Ben Ellwood,178.0,827.0,11.0,1.0,10.0,67.0,46.0,30.0,7.0,12.0,0.0,5.0
Marcos Daniel,180.0,202.0,188.0,2.0,1.0,75.0,37.0,23.0,20.0,10.0,13.0,16.0
Michael Sell,180.0,167.0,219.0,1.5,2.0,97.0,65.5,39.5,16.0,14.5,7.0,11.5
Marzio Martelli,180.0,291.8,106.2,4.8,1.0,69.4,39.6,27.0,14.0,10.4,7.5,8.8
Magnus Norman,188.0,37.8026315789,2120.65131579,6.45205479452,2.64406779661,76.8421052632,47.3618421053,33.5526315789,14.9473684211,11.9671052632,4.76515151515,7.16666666667
Renzo Furlan,175.0,293.769230769,130.923076923,3.18181818182,2.54545454545,69.3846153846,37.3846153846,25.0769230769,16.4615384615,10.8461538462,4.15384615385,7.15384615385
Lorenzo Manta,190.0,142.461538462,290.307692308,8.0,6.0,81.1538461538,39.2307692308,29.6153846154,20.1538461538,12.7692307692,4.76923076923,7.92307692308
Jiri Vanek,185.0,95.6964285714,441.678571429,6.22641509434,3.22916666667,84.875,47.0535714286,32.8035714286,17.6964285714,12.6785714286,5.45283018868,9.16666666667
Rainer Schuettler,180.0,47.3072289157,852.993975904,3.86624203822,3.65217391304,77.7590361446,44.4156626506,30.7048192771,17.0240963855,12.1144578313,4.71710526316,7.53374233129
Hugo Armando,183.0,158.285714286,278.214285714,4.5,3.0,71.8571428571,42.5,28.7857142857,15.1428571429,10.8571428571,4.83333333333,7.23076923077
Lionel Roux,185.0,276.333333333,134.0,3.81818181818,3.36363636364,61.5833333333,34.0,24.6666666667,13.0833333333,10.3333333333,3.3,6.5
Gianluca Pozzi,180.0,63.0933333333,668.56,5.69863013699,3.25757575758,79.5733333333,36.2,27.1466666667,21.3466666667,12.2133333333,5.3768115942,8.50704225352
Hernan Gumy,188.0,83.7931034483,506.034482759,4.0,4.15384615385,76.8275862069,48.2413793103,32.3793103448,13.6551724138,11.9655172414,4.39285714286,7.8275862069
Kenneth Carlsen,190.0,217.512195122,285.12195122,9.29268292683,4.21621621622,85.9512195122,51.0487804878,38.5853658537,17.6341463415,12.9024390244,5.39473684211,7.175
Alexander Waske,188.0,143.75,275.5,17.0,5.625,104.375,65.125,50.375,20.25,16.25,4.85714285714,6.5
Paradorn Srichaphan,185.0,73.6697247706,662.321100917,6.44339622642,4.0,78.7889908257,43.4587155963,31.5229357798,17.8440366972,12.2385321101,4.51546391753,7.30693069307
Noam Behr,188.0,172.875,225.875,4.57142857143,3.75,83.5,51.5,32.75,18.375,12.25,4.71428571429,7.125
Ignacio Hirigoyen,183.0,305.5,105.75,5.25,3.5,74.5,49.0,32.75,10.0,11.75,5.33333333333,7.75
Andy Fahlke,185.0,185.0,180.0,4.0,6.0,68.0,43.0,28.0,10.0,9.0,11.0,14.0
Bernd Karbacher,185.0,290.5,161.5,2.5,3.5,78.0,43.5,28.5,13.5,10.5,7.5,12.0
Michel Kratochvil,185.0,66.880733945,662.23853211,3.88679245283,5.57943925234,82.0550458716,45.8073394495,32.0275229358,17.2935779817,12.3302752294,5.31632653061,8.28037383178
Jiri Novak,190.0,31.7393939394,1234.02424242,4.20382165605,2.656,74.9757575758,49.0242424242,33.9757575758,13.296969697,11.7818181818,4.30666666667,6.60869565217
Gaston Gaudio,175.0,42.0134228188,911.288590604,3.6796875,3.265625,78.6510067114,48.3087248322,32.8590604027,15.4295302013,12.0872483221,4.97777777778,7.71724137931
Marcello Craca,180.0,325.0,89.0,2.0,0.0,98.0,62.0,32.0,18.0,13.0,8.0,14.0
Rogier Wassen,190.0,272.0,120.8,3.4,2.5,62.2,39.0,21.6,12.0,9.4,4.0,8.0
Miguel Tobon,185.0,1023.0,4.0,3.0,4.0,74.5,41.0,29.5,16.5,10.5,2.0,4.5
Diego Nargiso,188.0,302.2,118.8,4.8,6.4,75.8,36.6,27.4,17.0,11.4,5.0,9.25
Noam Okun,185.0,125.111111111,328.888888889,5.18518518519,4.2,82.962962963,49.0,33.3703703704,16.8148148148,12.6296296296,5.18518518519,8.51851851852
Tim Henman,185.0,9.62051282051,2023.31282051,5.42021276596,3.4469273743,81.2461538462,47.9692307692,35.3179487179,17.2153846154,12.7435897436,4.89325842697,7.0376344086
Chris Woodruff,188.0,70.3823529412,611.132352941,5.89393939394,4.45454545455,83.1911764706,51.9558823529,36.6176470588,14.9705882353,12.8676470588,5.51666666667,8.27692307692
Stephane Huet,180.0,124.304347826,339.47826087,5.69565217391,3.04347826087,85.4782608696,43.3043478261,29.6956521739,20.0,13.0,5.81818181818,9.60869565217
Fabrice Santoro,178.0,34.3625,998.48125,3.63945578231,2.70422535211,80.66875,45.54375,30.9375,18.025,12.2,5.14473684211,8.11949685535
Justin Gimelstob,196.0,116.018181818,369.836363636,7.33333333333,5.12962962963,81.1090909091,46.2909090909,33.4181818182,16.2181818182,12.6,4.5,7.62962962963
Tuomas Ketola,185.0,188.0,199.909090909,5.81818181818,4.45454545455,74.3636363636,39.0,27.7272727273,14.9090909091,11.3636363636,3.90909090909,8.0
Nicolas Mahut,190.0,368.5,90.25,7.5,3.85714285714,89.125,54.25,37.625,16.875,13.875,5.57142857143,8.375
Rajeev Ram,193.0,1109.0,4.0,3.0,3.0,65.0,27.0,15.0,18.0,9.0,6.0,10.0
Michael Hill,188.0,234.0,143.0,10.6666666667,6.5,74.0,42.0,33.0,16.3333333333,13.3333333333,2.66666666667,5.0
Vincent Spadea,183.0,79.5084745763,595.084745763,4.92452830189,5.35087719298,85.7966101695,45.8983050847,31.2711864407,19.3559322034,12.9491525424,6.33333333333,9.9298245614
Zbynek Mlynarik,175.0,418.0,57.0,4.0,3.0,50.0,30.0,17.0,9.0,8.0,5.0,9.0
Filip Dewulf,190.0,244.5,135.5,4.33333333333,2.25,76.0,48.75,32.0,14.0,12.0,3.33333333333,5.75
Alberto Berasategui,173.0,82.75,535.6875,1.5,4.6875,78.375,57.0625,32.6875,7.5625,11.375,5.0,10.1875
Martin Rodriguez,178.0,128.266666667,307.8,8.21428571429,4.86666666667,82.7333333333,42.0666666667,32.2,19.9333333333,12.6,5.30769230769,7.53333333333
Ronald Agenor,180.0,104.409090909,394.272727273,2.57142857143,3.61111111111,79.0909090909,52.1363636364,32.5909090909,13.5909090909,12.2727272727,6.10526315789,9.90476190476
Dmitry Vlasov,188.0,288.0,112.0,1.0,3.0,56.0,32.0,18.0,5.0,7.0,6.0,11.0
Didac Perez,178.0,183.0,204.75,2.66666666667,4.25,97.25,61.0,40.25,17.25,15.25,4.75,9.75
Alex Obrien,185.0,217.363636364,166.727272727,6.09090909091,3.0,93.9090909091,62.1818181818,42.6363636364,15.7272727273,14.0,6.45454545455,9.90909090909
Phillip King,175.0,379.75,78.5,2.33333333333,1.5,60.5,33.5,20.75,11.75,10.5,3.66666666667,7.5
Mariano Zabaleta,183.0,56.6475409836,725.614754098,4.99145299145,3.75892857143,82.7295081967,45.6557377049,31.9426229508,18.631147541,12.7049180328,4.41176470588,7.53719008264
Marc Kevin Goellner,196.0,249.913043478,157.52173913,8.86956521739,4.68181818182,72.7391304348,37.5652173913,28.4782608696,16.347826087,11.1304347826,4.26315789474,6.59090909091
Jim Courier,185.0,47.5555555556,785.0,6.44444444444,3.125,88.5555555556,53.6666666667,39.2222222222,18.8888888889,14.2222222222,4.22222222222,6.88888888889
Wayne Ferreira,185.0,36.2857142857,1000.17857143,9.0447761194,3.26315789474,87.0071942446,46.6043165468,35.0431654676,20.7338129496,13.5683453237,4.79338842975,7.2
Nicolas Massu,183.0,75.3720930233,555.186046512,4.86507936508,3.14285714286,74.3953488372,42.2325581395,29.4728682171,15.96875,11.3488372093,4.92372881356,7.648
Thomas Johansson,180.0,29.9415584416,1339.2012987,8.99337748344,3.35915492958,81.1493506494,41.7662337662,32.1038961039,20.0974025974,12.7857142857,4.64179104478,6.92361111111
Jacobo Diaz,173.0,92.55,456.725,3.55882352941,4.5,79.75,49.925,32.55,14.825,12.325,5.44736842105,8.9
Francisco Costa,180.0,207.25,186.5,3.66666666667,1.33333333333,50.5,29.25,18.75,9.25,8.5,2.25,5.25
Wolfgang Schranz,178.0,318.0,92.0,2.0,5.5,71.0,41.5,28.5,13.0,11.0,2.5,6.0
Marcelo Rios,175.0,29.2428571429,1149.06428571,5.79259259259,3.64285714286,75.5142857143,43.5428571429,30.7571428571,16.5642857143,11.6214285714,4.80165289256,6.93984962406
Mark Knowles,190.0,233.0,146.0,1.5,5.5,68.0,38.5,22.0,15.0,10.5,2.5,7.0
Kim Tiilikainen,180.0,284.0,109.0,0.0,3.0,57.5,40.5,17.0,7.0,7.5,3.5,9.0
Sargis Sargsian,180.0,82.9702970297,509.485148515,4.45263157895,3.52222222222,78.5940594059,46.4554455446,31.4653465347,15.6435643564,12.1881188119,4.87912087912,8.02040816327
Christian Ruud,188.0,122.379310345,344.75862069,4.29166666667,3.32,72.8965517241,41.9655172414,27.2413793103,15.2068965517,11.2413793103,4.2962962963,7.78571428571
Fernando Gonzalez,183.0,90.4659090909,712.397727273,7.65517241379,6.625,81.3181818182,47.8295454545,35.4772727273,16.1477272727,12.5,4.56790123457,6.83529411765
Julien Varlet,180.0,208.333333333,174.666666667,3.0,3.0,103.0,74.0,42.6666666667,15.0,14.6666666667,6.66666666667,11.3333333333
Thomas Enqvist,190.0,15.1139240506,1708.13924051,8.27388535032,5.63333333333,82.5189873418,43.8101265823,33.0886075949,19.6582278481,12.9620253165,4.60563380282,6.8961038961
Martin Lee,180.0,133.904761905,320.238095238,4.87179487179,3.25714285714,75.619047619,43.9523809524,29.9285714286,13.7142857143,11.2619047619,4.75,8.21951219512
Jonathan Stark,188.0,683.0,43.0,7.0,4.5,64.5,37.5,30.0,14.0,11.5,2.5,5.0
Laurence Tieleman,180.0,106.375,377.708333333,9.29166666667,5.58333333333,77.875,40.25,30.4166666667,17.125,11.5833333333,5.3,7.72727272727
Paul Kilderry,175.0,280.0,112.0,3.5,4.5,71.5,36.5,25.0,13.0,11.5,6.0,10.5
Cristiano Caratti,178.0,188.555555556,197.777777778,3.66666666667,3.375,80.4444444444,48.6666666667,33.0,16.4444444444,12.6666666667,3.77777777778,7.11111111111
Dominik Hrbaty,183.0,30.5976331361,1121.18934911,6.24691358025,4.69512195122,80.0059171598,44.2189349112,31.8047337278,17.7100591716,12.3846153846,4.7,7.61818181818
Francisco Clavet,183.0,54.8308823529,723.492647059,2.51304347826,2.31775700935,75.8308823529,48.2941176471,31.9852941176,14.6691176471,11.625,4.59349593496,7.29007633588
Xavier Malisse,185.0,61.3852459016,813.647540984,6.52941176471,3.13265306122,75.1147540984,42.6229508197,31.2049180328,16.4836065574,11.9590163934,4.3185840708,6.82203389831
Ville Liukko,173.0,192.5,181.0,4.0,5.25,81.5,39.75,26.5,22.5,13.0,4.0,6.25
Lucas Arnold Ker,180.0,596.0,25.0,2.0,0.0,55.0,29.0,17.0,7.0,8.0,8.0,14.0
Kevin Kim,180.0,171.375,220.625,5.13333333333,3.23076923077,64.0625,36.375,24.625,14.8125,11.0,4.4,7.15384615385
Nicolas Kiefer,183.0,35.4306569343,1141.66423358,6.59848484848,4.27205882353,76.3722627737,39.3941605839,28.795620438,18.0656934307,11.9854014599,4.816,7.56390977444
Mauricio Hadad,170.0,290.0,107.0,1.5,5.0,81.6666666667,46.6666666667,31.3333333333,17.3333333333,12.0,5.33333333333,8.66666666667
Byron Black,175.0,70.1060606061,660.757575758,3.41379310345,2.10526315789,77.303030303,49.4696969697,33.3181818182,14.2878787879,12.1212121212,4.25,7.11111111111
Herbert Wiltschnig,185.0,236.0,152.25,1.0,3.0,65.75,47.75,26.5,8.75,8.75,5.0,8.75
Dinu Pescariu,185.0,616.333333333,23.3333333333,1.0,1.5,61.0,43.0,25.0,9.66666666667,10.0,4.66666666667,8.33333333333
Vladimir Voltchkov,180.0,84.1538461538,644.723076923,6.64615384615,5.38095238095,80.9230769231,45.8461538462,32.9538461538,17.3076923077,12.4769230769,4.93442622951,7.84126984127
Neville Godwin,173.0,147.071428571,278.75,5.33333333333,6.40740740741,87.0357142857,47.25,35.1071428571,18.5,13.25,5.0,7.96428571429
Trevor Spracklin,190.0,882.0,9.0,3.0,7.0,45.0,20.0,16.0,4.0,6.0,6.0,10.0
Julien Boutter,190.0,69.0625,605.928571429,10.4414414414,7.04545454545,82.6964285714,45.6071428571,33.9464285714,18.0714285714,12.5714285714,5.06862745098,7.66355140187
Robin Soderling,193.0,320.125,117.125,6.0,3.875,80.75,45.875,31.5,16.125,12.0,3.5,7.25
Rodolphe Cadart,183.0,285.0,115.666666667,4.66666666667,5.0,87.6666666667,53.0,32.3333333333,16.6666666667,13.6666666667,6.33333333333,11.6666666667
David Wheaton,193.0,393.0,66.75,6.5,4.5,77.0,43.25,31.5,18.5,11.75,3.5,5.25
Ion Moldovan,188.0,436.5,62.5,3.33333333333,3.0,85.75,57.5,35.0,12.75,12.25,7.25,12.0
Luis Horna,180.0,109.947368421,382.894736842,3.29411764706,3.35294117647,74.2631578947,53.1578947368,35.0526315789,10.4736842105,11.2105263158,4.82352941176,7.82352941176
Christian Vinck,183.0,137.46875,298.53125,4.33333333333,3.63333333333,81.4375,50.84375,33.5625,14.90625,12.53125,5.64516129032,9.09375
Sergio Roitman,185.0,254.0,124.0,1.0,1.0,86.5,60.5,39.5,12.0,12.5,4.0,5.5
Mahesh Bhupathi,185.0,1049.0,4.0,12.0,11.0,122.0,72.0,54.0,24.0,19.0,4.0,8.0
Alexander Popp,201.0,110.02173913,390.152173913,4.73170731707,5.15217391304,82.0434782609,50.1956521739,34.6304347826,14.5652173913,12.847826087,5.20930232558,8.54347826087
Jared Palmer,190.0,700.5,18.5,4.66666666667,3.0,81.5,51.75,34.25,15.5,11.5,4.75,7.0
Julio Silva,173.0,268.333333333,125.333333333,2.0,2.0,67.3333333333,42.0,23.6666666667,14.3333333333,10.3333333333,5.0,8.33333333333
Denis Gremelmayr,183.0,416.0,65.0,1.0,3.0,59.0,35.0,21.0,12.0,9.0,3.0,6.0
Max Mirnyi,196.0,45.8079470199,847.430463576,8.96621621622,3.60992907801,78.4437086093,49.3178807947,37.0794701987,14.9536423841,12.4834437086,4.22047244094,6.21167883212
Tommy Haas,188.0,14.4748603352,1804.69273743,8.08,4.41954022989,79.094972067,43.6592178771,32.9664804469,18.3351955307,12.5474860335,4.3417721519,6.54761904762
Rafael Nadal,185.0,762.0,14.0,1.0,1.0,62.5,54.0,32.0,2.5,9.0,5.5,9.0
Todd Perry,175.0,484.0,44.0,2.0,3.0,127.0,72.0,44.0,33.0,15.0,4.0,7.0
David Nalbandian,180.0,68.2235294118,918.670588235,3.16666666667,3.78205128205,80.4705882353,47.7411764706,32.2470588235,17.0705882353,12.4235294118,4.94936708861,7.79518072289
Kevin Ullyett,178.0,168.857142857,217.714285714,5.57142857143,6.0,77.0,42.7142857143,30.2857142857,14.8571428571,11.5714285714,4.14285714286,7.85714285714
Guillermo Coria,175.0,85.4941176471,625.4,3.84415584416,2.88059701493,78.6705882353,45.2705882353,30.7058823529,17.3176470588,12.0588235294,4.48148148148,7.56626506024
Zeljko Krajan,178.0,114.769230769,358.923076923,3.63636363636,2.84615384615,73.3076923077,46.0769230769,29.0769230769,12.0769230769,10.8461538462,4.30769230769,8.07692307692
Alex Kim,175.0,214.882352941,242.0,2.30769230769,2.75,81.9411764706,52.8823529412,32.4117647059,14.2941176471,12.1176470588,5.0,8.76470588235
Andrei Stoliarov,178.0,104.985507246,401.782608696,5.40298507463,4.71875,81.5942028986,38.6956521739,26.7101449275,20.4492753623,12.1014492754,5.1875,8.70588235294
Eric Prodon,178.0,380.5,84.5,4.0,5.5,97.0,61.0,36.0,17.5,16.0,9.0,15.0
Salvador Navarro,180.0,288.0,105.0,1.0,1.0,71.0,51.5,32.5,13.0,10.5,3.0,4.5
Jose Acasuso,190.0,87.0163934426,501.770491803,4.61818181818,3.35185185185,73.1475409836,38.1475409836,26.7540983607,17.6393442623,11.0983606557,5.01818181818,7.64406779661
Radek Stepanek,185.0,154.551724138,332.655172414,7.14285714286,3.46153846154,79.9655172414,46.5172413793,33.9655172414,16.0,11.9310344828,4.88,7.88
Philipp Kohlschreiber,178.0,424.333333333,62.6666666667,5.66666666667,2.66666666667,78.0,35.6666666667,23.3333333333,21.6666666667,12.0,8.0,8.66666666667
Juan Pablo Guzman,178.0,288.0,109.0,6.0,8.0,99.0,59.0,39.0,12.0,14.0,10.0,16.0
Juan Antonio Marin,175.0,108.583333333,411.5625,2.55555555556,2.575,74.3958333333,42.4375,27.0208333333,14.75,10.9583333333,6.11111111111,9.78723404255
Lovro Zovko,190.0,344.5,80.0,9.0,3.5,64.5,35.5,25.5,13.0,10.0,4.0,7.0
Daniel Elsner,183.0,131.263157895,346.631578947,3.76470588235,5.21052631579,84.1578947368,43.8947368421,28.8421052632,18.4210526316,12.3157894737,5.55555555556,9.63157894737
Mark Hilton,170.0,383.0,69.0,7.0,11.0,91.0,50.0,30.0,21.0,14.0,7.0,12.0
Carlos Moya,190.0,27.5591397849,1245.11827957,5.67597765363,2.83950617284,80.7634408602,46.5537634409,34.1451612903,17.8817204301,12.5322580645,4.92948717949,6.8908045977
Arvind Parmar,193.0,173.421052632,220.368421053,9.05263157895,3.64705882353,90.7894736842,55.0526315789,41.1578947368,17.4210526316,14.5789473684,3.94117647059,7.0
Oliver Marach,185.0,235.25,156.25,2.75,2.5,119.25,64.75,39.5,27.25,16.75,8.0,13.5
Jonathan Erlich,180.0,548.571428571,35.1428571429,5.33333333333,4.85714285714,64.5714285714,36.1428571429,26.4285714286,12.8571428571,10.1428571429,4.0,6.33333333333
Richard Fromberg,196.0,84.0666666667,534.222222222,9.51111111111,3.78048780488,88.6888888889,52.8444444444,38.5111111111,16.9111111111,13.9555555556,4.82051282051,7.62790697674
Raemon Sluiter,185.0,100.946428571,412.982142857,6.61111111111,4.25454545455,86.8214285714,50.0892857143,36.3214285714,18.9285714286,13.6428571429,5.64583333333,8.16981132075
Oliver Gross,185.0,151.545454545,263.545454545,3.6,2.63636363636,74.0909090909,43.9090909091,29.4545454545,14.4545454545,11.6363636364,5.125,7.63636363636
Jerome Golmard,188.0,59.4786324786,694.974358974,6.3652173913,3.75925925926,71.264957265,42.0341880342,30.2393162393,15.3103448276,11.3418803419,4.07216494845,5.94594594595
Filippo Volandri,183.0,160.0,243.25,1.5,3.0,88.0,56.5,35.75,14.75,12.75,5.25,9.0
Mashiska Washington,180.0,469.25,51.0,3.33333333333,3.0,69.75,47.5,25.0,10.25,10.25,6.25,11.25
Alexander Peya,183.0,235.0,152.0,4.75,4.5,57.75,28.0,21.25,13.5,8.75,5.33333333333,6.0
Robby Ginepri,183.0,253.884615385,238.269230769,4.5,4.57692307692,76.1538461538,44.4615384615,29.4615384615,15.0769230769,11.7307692308,4.5,7.8
Jan Siemerink,183.0,103.72,408.22,7.2,6.20408163265,84.4,45.02,33.76,19.06,12.8,5.4347826087,8.02040816327
Thierry Ascione,188.0,305.0,107.0,5.0,2.0,76.0,52.0,43.0,14.0,12.0,2.0,2.0
Tomas Behrend,193.0,135.032258065,298.387096774,3.42307692308,5.23333333333,77.5161290323,44.3225806452,29.2903225806,14.8387096774,11.8064516129,5.68965517241,9.48387096774
Vincenzo Santopadre,183.0,218.333333333,180.666666667,4.33333333333,2.33333333333,79.3333333333,46.3333333333,30.6666666667,14.6666666667,12.3333333333,5.5,7.66666666667
Oscar Serrano,173.0,168.5,228.333333333,2.33333333333,4.16666666667,59.8333333333,30.3333333333,16.6666666667,13.5,9.66666666667,5.6,9.5
Miles Maclagan,180.0,353.0,76.0,19.0,14.0,138.0,82.0,64.0,21.0,20.0,10.0,14.0
Jarkko Nieminen,185.0,52.0555555556,770.925925926,3.13043478261,3.27083333333,76.1851851852,47.2962962963,31.3148148148,14.7222222222,11.6851851852,4.72,7.67924528302
Jan Hernych,190.0,277.5,119.5,1.0,1.0,48.0,33.0,16.0,4.0,7.5,4.0,7.0
